chromosome,start,end,reference,alternate,ids,type,consequenceTypes,Organism / Assembly,
9,116150585,116150585,C,T,rs78691919,SNV,missense_variant,Human/GRCh37,
9,116150611,116150611,G,A,rs139825145,SNV,missense_variant,Human/GRCh37,
9,116150612,116150612,G,A,rs762227805,SNV,missense_variant,Human/GRCh37,
9,116150633,116150633,T,C,rs557510313,SNV,missense_variant,Human/GRCh37,
9,116151266,116151266,G,A,rs556307080,SNV,missense_variant,Human/GRCh37,
9,116151269,116151269,A,G,rs764311002,SNV,missense_variant,Human/GRCh37,
9,116151277,116151277,A,G,rs36087664,SNV,missense_variant,Human/GRCh37,
9,116151290,116151290,C,T,rs745845598,SNV,missense_variant,Human/GRCh37,
9,116151299,116151299,T,C,rs779391805,SNV,missense_variant,Human/GRCh37,
9,116151301,116151301,A,G,rs201859063,SNV,missense_variant,Human/GRCh37,
9,116151311,116151311,C,A,rs373715261,SNV,missense_variant,Human/GRCh37,
9,116151311,116151311,C,T,rs373715261,SNV,missense_variant,Human/GRCh37,
9,116151313,116151313,C,T,rs749655574,SNV,missense_variant,Human/GRCh37,
9,116151314,116151314,C,T,rs200781693,SNV,missense_variant,Human/GRCh37,
9,116151325,116151325,C,G,rs367823672,SNV,missense_variant,Human/GRCh37,
9,116151340,116151340,G,A,rs764298726,SNV,missense_variant,Human/GRCh37,
9,116151344,116151344,A,G,rs202188395,SNV,missense_variant,Human/GRCh37,
9,116151356,116151356,C,T,rs144785407,SNV,missense_variant,Human/GRCh37,
9,116151365,116151365,C,T,rs121912981,SNV,missense_variant,Human/GRCh37,
9,116151368,116151368,C,T,rs121912983,SNV,missense_variant,Human/GRCh37,
9,116151374,116151374,G,C,rs754592118,SNV,missense_variant,Human/GRCh37,
9,116151379,116151379,T,A,rs780968225,SNV,missense_variant,Human/GRCh37,
9,116151380,116151380,C,T,rs747842090,SNV,missense_variant,Human/GRCh37,
9,116151382,116151382,G,A,rs769596841,SNV,missense_variant,Human/GRCh37,
9,116151722,116151722,T,C,rs752278186,SNV,missense_variant,Human/GRCh37,
9,116151734,116151734,C,T,rs201865229,SNV,missense_variant,Human/GRCh37,
9,116151735,116151735,G,A,rs777485356,SNV,missense_variant,Human/GRCh37,
9,116151738,116151738,C,T,rs746212674,SNV,missense_variant,Human/GRCh37,
9,116151741,116151741,T,C,rs139760703,SNV,missense_variant,Human/GRCh37,
9,116151749,116151749,T,C,rs769181980,SNV,missense_variant,Human/GRCh37,
9,116151761,116151761,G,A,rs761898385,SNV,missense_variant,Human/GRCh37,
9,116151771,116151771,T,C,rs769844027,SNV,missense_variant,Human/GRCh37,
9,116151791,116151791,C,T,rs773538258,SNV,missense_variant,Human/GRCh37,
9,116151795,116151795,C,T,rs200180791,SNV,missense_variant,Human/GRCh37,
9,116151800,116151800,C,T,rs751427895,SNV,missense_variant,Human/GRCh37,
9,116151801,116151801,G,A,rs121912982,SNV,missense_variant,Human/GRCh37,
9,116151804,116151804,C,T,rs752186527,SNV,missense_variant,Human/GRCh37,
9,116151881,116151881,C,T,rs767556393,SNV,missense_variant,Human/GRCh37,
9,116151883,116151883,G,C,rs775624486,SNV,missense_variant,Human/GRCh37,
9,116151886,116151886,C,T,rs760083050,SNV,missense_variant,Human/GRCh37,
9,116151895,116151895,A,C,rs753321173,SNV,missense_variant,Human/GRCh37,
9,116151901,116151901,C,A,rs201420740,SNV,missense_variant,Human/GRCh37,
9,116151901,116151901,C,T,rs201420740,SNV,missense_variant,Human/GRCh37,
9,116151917,116151917,G,C,rs371066673,SNV,missense_variant,Human/GRCh37,
9,116151925,116151925,C,T,rs781646677,SNV,missense_variant,Human/GRCh37,
9,116151929,116151929,G,A,rs748726105,SNV,missense_variant,Human/GRCh37,
9,116151931,116151931,C,T,rs756607034,SNV,missense_variant,Human/GRCh37,
9,116151932,116151932,G,A,rs777855664,SNV,missense_variant,Human/GRCh37,
9,116151943,116151943,G,C,rs749341441,SNV,missense_variant,Human/GRCh37,
9,116151949,116151949,C,T,rs375689609,SNV,missense_variant,Human/GRCh37,
9,116152053,116152053,C,T,rs201127458,SNV,missense_variant,Human/GRCh37,
9,116152054,116152054,G,A,rs374269304,SNV,missense_variant,Human/GRCh37,
9,116152065,116152065,T,C,rs768577018,SNV,missense_variant,Human/GRCh37,
9,116152072,116152072,A,G,rs776503307,SNV,missense_variant,Human/GRCh37,
9,116152077,116152077,G,A,rs368684988,SNV,missense_variant,Human/GRCh37,
9,116152080,116152080,A,C,rs769331098,SNV,missense_variant,Human/GRCh37,
9,116152089,116152089,C,T,rs772736028,SNV,missense_variant,Human/GRCh37,
9,116152090,116152090,T,G,rs762540635,SNV,missense_variant,Human/GRCh37,
9,116152092,116152092,T,C,rs766029772,SNV,missense_variant,Human/GRCh37,
9,116152104,116152104,G,A,rs761010522,SNV,missense_variant,Human/GRCh37,
9,116152107,116152107,A,G,rs764647305,SNV,missense_variant,Human/GRCh37,
9,116152706,116152706,C,T,rs761077167,SNV,missense_variant,Human/GRCh37,
9,116152710,116152710,A,G,rs764404559,SNV,missense_variant,Human/GRCh37,
9,116152713,116152713,G,T,rs777168994,SNV,missense_variant,Human/GRCh37,
9,116152728,116152728,T,C,rs144464998,SNV,missense_variant,Human/GRCh37,
9,116152734,116152734,C,T,rs750462706,SNV,missense_variant,Human/GRCh37,
9,116152735,116152735,G,A,rs758622234,SNV,missense_variant,Human/GRCh37,
9,116152735,116152735,G,C,rs758622234,SNV,missense_variant,Human/GRCh37,
9,116152756,116152756,G,A,rs202176263,SNV,missense_variant,Human/GRCh37,
9,116152878,116152878,T,C,rs777079155,SNV,missense_variant,Human/GRCh37,
9,116152881,116152881,G,T,rs762274135,SNV,missense_variant,Human/GRCh37,
9,116152887,116152887,G,A,rs773919021,SNV,missense_variant,Human/GRCh37,
9,116152908,116152908,C,T,rs528493383,SNV,missense_variant,Human/GRCh37,
9,116152909,116152909,G,A,rs767727277,SNV,missense_variant,Human/GRCh37,
9,116152914,116152914,C,T,rs151178281,SNV,missense_variant,Human/GRCh37,
9,116152915,116152915,G,A,rs777664535,SNV,missense_variant,Human/GRCh37,
9,116152929,116152929,C,T,rs202213170,SNV,missense_variant,Human/GRCh37,
9,116152930,116152930,G,A,rs778238328,SNV,missense_variant,Human/GRCh37,
9,116152950,116152950,A,T,rs748513093,SNV,missense_variant,Human/GRCh37,
9,116152951,116152951,G,T,rs770336428,SNV,missense_variant,Human/GRCh37,
9,116153078,116153078,C,T,rs121912980,SNV,missense_variant,Human/GRCh37,
9,116153092,116153092,G,A,rs774977054,SNV,missense_variant,Human/GRCh37,
9,116153120,116153120,A,C,rs775575975,SNV,missense_variant,Human/GRCh37,
9,116153132,116153132,G,A,rs764315127,SNV,missense_variant,Human/GRCh37,
9,116153139,116153139,G,C,rs534300233,SNV,missense_variant,Human/GRCh37,
9,116153145,116153145,C,A,rs138064710,SNV,missense_variant,Human/GRCh37,
9,116153146,116153146,T,C,rs557431649,SNV,missense_variant,Human/GRCh37,
9,116153162,116153162,T,C,rs757954726,SNV,missense_variant,Human/GRCh37,
9,116153186,116153186,C,T,rs751139985,SNV,missense_variant,Human/GRCh37,
9,116153188,116153188,G,A,rs373330887,SNV,missense_variant,Human/GRCh37,
9,116153198,116153198,C,T,rs138313868,SNV,missense_variant,Human/GRCh37,
9,116153206,116153206,C,T,rs370504714,SNV,missense_variant,Human/GRCh37,
9,116153210,116153210,C,T,rs746344460,SNV,missense_variant,Human/GRCh37,
9,116153817,116153817,C,T,rs149572240,SNV,missense_variant,Human/GRCh37,
9,116153827,116153827,C,G,rs200963049,SNV,missense_variant,Human/GRCh37,
9,116153827,116153827,C,T,rs200963049,SNV,missense_variant,Human/GRCh37,
9,116153847,116153847,C,T,rs368846456,SNV,missense_variant,Human/GRCh37,
9,116153848,116153848,G,A,rs763659395,SNV,missense_variant,Human/GRCh37,
9,116153851,116153851,G,C,rs530804739,SNV,missense_variant,Human/GRCh37,
9,116153875,116153875,G,C,rs747557477,SNV,missense_variant,Human/GRCh37,
9,116153883,116153883,T,C,rs755472728,SNV,missense_variant,Human/GRCh37,
9,116153889,116153889,C,T,rs200280568,SNV,missense_variant,Human/GRCh37,
9,116153891,116153891,C,G,rs1800435,SNV,missense_variant,Human/GRCh37,
9,116154417,116154417,C,T,rs772042887,SNV,missense_variant,Human/GRCh37,
9,116154428,116154428,C,G,rs760212596,SNV,missense_variant,Human/GRCh37,
9,116154429,116154429,T,C,rs768196163,SNV,missense_variant,Human/GRCh37,
9,116154437,116154437,A,T,rs544293826,SNV,missense_variant,Human/GRCh37,
9,116155727,116155727,G,A,rs371983646,SNV,missense_variant,Human/GRCh37,
9,116155740,116155740,G,T,rs754830142,SNV,missense_variant,Human/GRCh37,
9,116155749,116155749,G,A,rs369510634,SNV,missense_variant,Human/GRCh37,
9,116155778,116155778,G,A,rs567254696,SNV,missense_variant,Human/GRCh37,
9,116155790,116155790,C,T,rs144531057,SNV,missense_variant,Human/GRCh37,
9,116155791,116155791,G,A,rs770484660,SNV,missense_variant,Human/GRCh37,
9,116155799,116155799,G,A,rs778684507,SNV,missense_variant,Human/GRCh37,
9,116155803,116155803,G,A,rs558483853,SNV,missense_variant,Human/GRCh37,
9,116155804,116155804,G,C,rs121912984,SNV,missense_variant,Human/GRCh37,
9,116155811,116155811,C,G,rs199655229,SNV,missense_variant,Human/GRCh37,
9,116155812,116155812,C,T,rs770350355,SNV,missense_variant,Human/GRCh37,
9,116155824,116155824,C,T,rs766501537,SNV,missense_variant,Human/GRCh37,
9,116155839,116155839,T,C,rs752500552,SNV,initiator_codon_variant,Human/GRCh37,
9,116155847,116155847,G,T,rs777832891,SNV,missense_variant,Human/GRCh37,
9,116155862,116155862,G,A,rs756840624,SNV,missense_variant,Human/GRCh37,
9,116155863,116155863,G,A,rs778399674,SNV,missense_variant,Human/GRCh37,
