"Variant ID",vf,Location,"Chr: bp",vf_allele,Alleles,gmaf_allele,gmaf_freq,"Global MAF",Class,Source,Evidence,"Clin. Sig.","Conseq. Type",AA,"AA coord","AA coord",sift_sort,sift_class,SIFT,polyphen_sort,polyphen_class,PolyPhen,cadd_sort,cadd_class,CADD,revel_sort,revel_class,REVEL,meta_lr_sort,meta_lr_class,MetaLR,mutation_assessor_sort,mutation_assessor_class,"Mutation Assessor",Transcript
rs121912981,165365404,9:113389085,9:113389085,T,C/T,,,-,SNP,dbSNP,Frequency~Cited~Phenotype_or_Disease~ExAC~TOPMed~gnomAD,pathogenic,"missense variant",V/M,275,275,11,deleterious,0.01,940,"probably damaging",0.939,25001,"likely benign",25,833,"likely disease causing",0.832,872,damaging,0.871,954,high,0.953,ENST00000409155.8
rs121912983,165365418,9:113389088,9:113389088,T,C/T,,,-,SNP,dbSNP,Frequency~Cited~Phenotype_or_Disease~TOPMed~gnomAD,pathogenic,"missense variant",A/T,274,274,21,deleterious,0.02,851,"possibly damaging",0.85,25001,"likely benign",25,809,"likely disease causing",0.808,881,damaging,0.88,941,high,0.94,ENST00000409155.8
rs121912982,165365410,9:113389521,9:113389521,A,G/A,,,-,SNP,dbSNP,Frequency~Cited~Phenotype_or_Disease~ExAC~gnomAD,"uncertain significance~pathogenic","missense variant",R/W,240,240,1,deleterious,0,1001,"probably damaging",1,29001,"likely benign",29,710,"likely disease causing",0.709,819,damaging,0.818,891,medium,0.89,ENST00000409155.8
rs121912980,165365395,9:113390798,9:113390798,T,C/T,,,-,SNP,dbSNP,Frequency~Cited~Phenotype_or_Disease~ExAC~TOPMed~gnomAD,pathogenic,"missense variant~splice region variant",G/R,133,133,1,deleterious,0,1001,"probably damaging",1,29001,"likely benign",29,845,"likely disease causing",0.844,941,damaging,0.94,998,high,0.997,ENST00000409155.8
rs1800435,152208918,9:113391611,9:113391611,G,C/G,G,0.0635,0.064,SNP,dbSNP,Frequency~1000Genomes~Cited~ESP~Phenotype_or_Disease~ExAC~TOPMed~gnomAD,"likely benign~pathogenic","missense variant",K/N,59,59,1001,tolerated,1,1,benign,0,18001,"likely benign",18,233,"likely benign",0.232,15,tolerated,0.014,5,neutral,0.004,ENST00000409155.8
rs121912984,165365427,9:113393524,9:113393524,C,G/A/C,,,-,SNP,dbSNP,Frequency~Cited~ESP~Phenotype_or_Disease~ExAC~TOPMed~gnomAD,"likely pathogenic~pathogenic","missense variant",F/L,12,12,651,tolerated,0.65,15,benign,0.014,22001,"likely benign",22,639,"likely disease causing",0.638,647,damaging,0.646,812,medium,0.811,ENST00000409155.8
rs1800435,152208918,9:113391611,9:113391611,G,C/G,G,0.0635,0.064,SNP,dbSNP,Frequency~1000Genomes~Cited~ESP~Phenotype_or_Disease~ExAC~TOPMed~gnomAD,"likely benign~pathogenic","missense variant",K/N,68,68,1001,tolerated,1,1,benign,0,18001,"likely benign",18,233,"likely benign",0.232,15,tolerated,0.014,5,neutral,0.004,ENST00000448137.5
rs121912984,165365427,9:113393524,9:113393524,C,G/A/C,,,-,SNP,dbSNP,Frequency~Cited~ESP~Phenotype_or_Disease~ExAC~TOPMed~gnomAD,"likely pathogenic~pathogenic","missense variant",F/L,21,21,531,tolerated,0.53,807,"possibly damaging",0.806,22001,"likely benign",22,639,"likely disease causing",0.638,647,damaging,0.646,812,medium,0.811,ENST00000448137.5
rs121912984,165365427,9:113393524,9:113393524,C,G/A/C,,,-,SNP,dbSNP,Frequency~Cited~ESP~Phenotype_or_Disease~ExAC~TOPMed~gnomAD,"likely pathogenic~pathogenic","missense variant",F/L,21,21,381,tolerated,0.38,807,"possibly damaging",0.806,22001,"likely benign",22,639,"likely disease causing",0.638,647,damaging,0.646,812,medium,0.811,ENST00000452726.1
